{"cameraMode":{"drawMode":0,"name":"Shaded","section":"Shading Mode"},"sceneLighting":false,"audioPlay":false,"sceneViewState":{"m_AlwaysRefresh":false,"showFog":true,"showSkybox":false,"showFlares":true,"showImageEffects":true,"showParticleSystems":true,"showVisualEffectGraphs":true,"m_FxEnabled":true},"in2DMode":false,"pivot":{"x":1.7799997329711915,"y":1.256000280380249,"z":-4.215000152587891},"rotation":{"x":0.18050670623779298,"y":-0.0033084815368056299,"z":0.0005911031039431691,"w":0.9835832715034485},"size":12.12435531616211,"orthographic":false}